{
  "properties": {
    "connectionReferences": {},
    "definition": {
      "$schema": "https://schema.management.azure.com/providers/Microsoft.Logic/schemas/2016-06-01/workflowdefinition.json#",
      "contentVersion": "1.0.0.0",
      "parameters": {
        "$authentication": {
          "defaultValue": {},
          "type": "SecureObject"
        }
      },
      "triggers": {
        "manual": {
          "metadata": {
            "operationMetadataId": "f8b52750-f37a-4534-b526-139fc94d99ab"
          },
          "type": "Request",
          "kind": "Button",
          "inputs": {
            "schema": {
              "type": "object",
              "properties": {},
              "required": []
            }
          }
        }
      },
      "actions": {
        "Strings": {
          "runAfter": {},
          "metadata": {
            "operationMetadataId": "665ef0ce-09fe-4932-a220-422956540849"
          },
          "type": "InitializeVariable",
          "inputs": {
            "variables": [
              {
                "name": "Strings",
                "type": "string",
                "value": "This is the first line.\nThis is the second line.\nThis is the third line."
              }
            ]
          }
        },
        "StringArray": {
          "runAfter": {
            "Strings": [
              "Succeeded"
            ]
          },
          "metadata": {
            "operationMetadataId": "63c2fb65-3efe-4bc7-bc2d-943def4b8dc6"
          },
          "type": "InitializeVariable",
          "inputs": {
            "variables": [
              {
                "name": "StringArray",
                "type": "array",
                "value": "@split(replace(variables('Strings'), decodeUriComponent('%0D'),''), decodeUriComponent('%0A'))"
              }
            ]
          }
        }
      }
    },
    "templateName": null
  },
  "schemaVersion": "1.0.0.0"
}