{
  "properties": {
    "connectionReferences": {},
    "definition": {
      "$schema": "https://schema.management.azure.com/providers/Microsoft.Logic/schemas/2016-06-01/workflowdefinition.json#",
      "contentVersion": "1.0.0.0",
      "parameters": {
        "$authentication": {
          "defaultValue": {},
          "type": "SecureObject"
        }
      },
      "triggers": {
        "manual": {
          "metadata": {
            "operationMetadataId": "635cd4a8-63c6-430f-9d5f-9772c27246fe"
          },
          "type": "Request",
          "kind": "Button",
          "inputs": {
            "schema": {
              "type": "object",
              "properties": {},
              "required": []
            }
          }
        }
      },
      "actions": {
        "wtArr": {
          "runAfter": {},
          "metadata": {
            "operationMetadataId": "4db78857-5f24-4d57-a9e4-650d2bbe6577"
          },
          "type": "InitializeVariable",
          "inputs": {
            "variables": [
              {
                "name": "wtArr",
                "type": "array",
                "value": [
                  {
                    "eeNum": "12345",
                    "lastName": "Dokes"
                  },
                  {
                    "eeNum": "22222",
                    "lastName": "Smith"
                  },
                  {
                    "eeNum": "33333",
                    "lastName": "Parker"
                  }
                ]
              }
            ]
          }
        },
        "dvArr": {
          "runAfter": {
            "wtArr": [
              "Succeeded"
            ]
          },
          "metadata": {
            "operationMetadataId": "9348adaa-075c-4568-b497-6af444fffab2"
          },
          "type": "InitializeVariable",
          "inputs": {
            "variables": [
              {
                "name": "dvArr",
                "type": "array",
                "value": [
                  {
                    "eeNum": "22222",
                    "lastName": "Smith"
                  },
                  {
                    "eeNum": "55555",
                    "lastName": "Jenkins"
                  }
                ]
              }
            ]
          }
        },
        "Apply_to_each_wtArr": {
          "foreach": "@variables('wtArr')",
          "actions": {
            "ComposeOfCurrentwtArrKey": {
              "runAfter": {},
              "metadata": {
                "operationMetadataId": "b90d670a-fe7c-400e-a539-4d46e39ff20d"
              },
              "type": "Compose",
              "inputs": "@items('Apply_to_each_wtArr')?['eeNum']"
            },
            "Apply_to_each_dvArr": {
              "foreach": "@variables('dvArr')",
              "actions": {
                "ComposeOfCurrentdvArrKey": {
                  "runAfter": {},
                  "metadata": {
                    "operationMetadataId": "380d1a43-2c04-4657-92dd-288c81f2ad0d"
                  },
                  "type": "Compose",
                  "inputs": "@items('Apply_to_each_dvArr')?['eeNum']"
                },
                "Condition": {
                  "actions": {
                    "Set_Result": {
                      "runAfter": {},
                      "metadata": {
                        "operationMetadataId": "d977694f-2dcb-49b6-88f1-936a124ac8ad"
                      },
                      "type": "SetVariable",
                      "inputs": {
                        "name": "Result",
                        "value": "YES"
                      }
                    }
                  },
                  "runAfter": {
                    "ComposeOfCurrentdvArrKey": [
                      "Succeeded"
                    ]
                  },
                  "expression": {
                    "equals": [
                      "@outputs('ComposeOfCurrentwtArrKey')",
                      "@outputs('ComposeOfCurrentdvArrKey')"
                    ]
                  },
                  "metadata": {
                    "operationMetadataId": "107cfde7-ba3b-4b94-ac61-28ee1172b46e"
                  },
                  "type": "If"
                }
              },
              "runAfter": {
                "ComposeOfCurrentwtArrKey": [
                  "Succeeded"
                ]
              },
              "metadata": {
                "operationMetadataId": "0202ddde-f6f5-4ac5-9721-3e9d88e51c84"
              },
              "type": "Foreach"
            }
          },
          "runAfter": {
            "Result": [
              "Succeeded"
            ]
          },
          "metadata": {
            "operationMetadataId": "06c1ee9f-001e-43de-b788-0b890c94cd99"
          },
          "type": "Foreach"
        },
        "Result": {
          "runAfter": {
            "dvArr": [
              "Succeeded"
            ]
          },
          "metadata": {
            "operationMetadataId": "d96fc40c-5b2b-4406-8063-d7e1395b9592"
          },
          "type": "InitializeVariable",
          "inputs": {
            "variables": [
              {
                "name": "Result",
                "type": "string",
                "value": "NO"
              }
            ]
          }
        }
      }
    },
    "templateName": null
  },
  "schemaVersion": "1.0.0.0"
}