{
  "properties": {
    "connectionReferences": {
      "shared_onedriveforbusiness-2": {
        "runtimeSource": "embedded",
        "connection": {
          "connectionReferenceLogicalName": "zhisong_OneDriveforBusinessConnectionReference"
        },
        "api": {
          "name": "shared_onedriveforbusiness"
        }
      },
      "shared_commondataserviceforapps-2": {
        "runtimeSource": "embedded",
        "connection": {
          "connectionReferenceLogicalName": "zhisong_MicrosoftDataverseConnectionReference"
        },
        "api": {
          "name": "shared_commondataserviceforapps"
        }
      },
      "shared_flowpush-2": {
        "runtimeSource": "embedded",
        "connection": {
          "connectionReferenceLogicalName": "zhisong_NotificationsConnectionReference"
        },
        "api": {
          "name": "shared_flowpush"
        }
      },
      "shared_sharepointonline-2": {
        "runtimeSource": "embedded",
        "connection": {
          "connectionReferenceLogicalName": "zhisong_SharePointConnectionReference"
        },
        "api": {
          "name": "shared_sharepointonline"
        }
      }
    },
    "definition": {
      "$schema": "https://schema.management.azure.com/providers/Microsoft.Logic/schemas/2016-06-01/workflowdefinition.json#",
      "contentVersion": "1.0.0.0",
      "parameters": {
        "$authentication": {
          "defaultValue": {},
          "type": "SecureObject"
        },
        "$connections": {
          "defaultValue": {},
          "type": "Object"
        }
      },
      "triggers": {
        "When_a_weekly_summary_file_is_added": {
          "recurrence": {
            "frequency": "Minute",
            "interval": 1
          },
          "metadata": {
            "b!1PF3_hq8NECuRNziDd0CO3NaC2kkxDRGjqZDs24qAX7Ht3_2gfv7Tqcznz2KnuJ2.01SX6YFQHJI2BMFGE6JJC3QBXNDLZMRUBN": "/Work/Upwork/Weekly Summary",
            "operationMetadataId": "f3668223-5f24-4347-9d2c-9f285ebd7616"
          },
          "type": "OpenApiConnection",
          "inputs": {
            "parameters": {
              "folderId": "b!1PF3_hq8NECuRNziDd0CO3NaC2kkxDRGjqZDs24qAX7Ht3_2gfv7Tqcznz2KnuJ2.01SX6YFQHJI2BMFGE6JJC3QBXNDLZMRUBN",
              "includeSubfolders": true,
              "inferContentType": true
            },
            "host": {
              "apiId": "/providers/Microsoft.PowerApps/apis/shared_onedriveforbusiness",
              "operationId": "OnNewFileV2",
              "connectionName": "shared_onedriveforbusiness-2"
            }
          }
        }
      },
      "actions": {
        "Extract_information_via_model": {
          "runAfter": {},
          "metadata": {
            "operationMetadataId": "e9e92dc8-3dc4-4ea3-902b-d9ea98772d4f",
            "flowSystemMetadata": {
              "portalOperationId": "aibuilderpredict_formsprocessing",
              "portalOperationGroup": "aibuilder",
              "portalOperationApiDisplayNameOverride": "AI Builder",
              "portalOperationIconOverride": "https://content.powerapps.com/resource/makerx/static/pauto/images/designeroperations/aiBuilderNew.51dbdb6b.png",
              "portalOperationBrandColorOverride": "#0A76C4",
              "portalOperationApiTierOverride": "Standard"
            }
          },
          "type": "OpenApiConnection",
          "inputs": {
            "parameters": {
              "recordId": "12a3d377-a1b1-42aa-990f-0f57d0fb896f",
              "item/requestv2/mimeType": "application/pdf",
              "item/requestv2/base64Encoded": "@triggerOutputs()?['body']"
            },
            "host": {
              "apiId": "/providers/Microsoft.PowerApps/apis/shared_commondataserviceforapps",
              "operationId": "aibuilderpredict_formsprocessing",
              "connectionName": "shared_commondataserviceforapps-2"
            }
          }
        },
        "Send_me_a_mobile_notification": {
          "runAfter": {
            "Rename_the_newly_added_file": [
              "Succeeded"
            ]
          },
          "metadata": {
            "operationMetadataId": "8bdc9bae-d1f8-42e2-bc28-2a1ab5bb8836"
          },
          "type": "OpenApiConnection",
          "inputs": {
            "parameters": {
              "NotificationDefinition/notificationText": "Upwork Weekly Summary Archived - @{outputs('Extract_information_via_model')?['body/responsev2/predictionOutput/labels/Total/text']}"
            },
            "host": {
              "apiId": "/providers/Microsoft.PowerApps/apis/shared_flowpush",
              "operationId": "SendNotification",
              "connectionName": "shared_flowpush-2"
            }
          }
        },
        "ComposeOfFormatNewFileName": {
          "runAfter": {
            "Create_SharePoint_list_item": [
              "Succeeded"
            ]
          },
          "metadata": {
            "operationMetadataId": "fb2d97cc-caf4-4ca8-9d22-3c2b5e4854ce"
          },
          "type": "Compose",
          "inputs": "@concat(formatDateTime(outputs('Extract_information_via_model')?['body/responsev2/predictionOutput/labels/Start_004c52faad5dc6e248b23dcb6441d4f1bc/value'],'yyyyMMdd'), '-', formatDateTime(outputs('Extract_information_via_model')?['body/responsev2/predictionOutput/labels/End_0020e970951cfb6b60b18418085390e96228/value'],'yyyyMMdd'),'.pdf')"
        },
        "Create_SharePoint_list_item": {
          "runAfter": {
            "Extract_information_via_model": [
              "Succeeded"
            ]
          },
          "metadata": {
            "operationMetadataId": "8c74f2c9-2f06-43c3-8450-ff51675ac2f2"
          },
          "type": "OpenApiConnection",
          "inputs": {
            "parameters": {
              "dataset": "https://kyx.sharepoint.com/sites/upwork",
              "table": "e4e44d51-e7c8-4744-913b-3acec133cc86",
              "item/Earnings": "@outputs('Extract_information_via_model')?['body/responsev2/predictionOutput/labels/Total/value']",
              "item/StartDate": "@{outputs('Extract_information_via_model')?['body/responsev2/predictionOutput/labels/Start_004c52faad5dc6e248b23dcb6441d4f1bc/value']}",
              "item/EndDate": "@{outputs('Extract_information_via_model')?['body/responsev2/predictionOutput/labels/End_0020e970951cfb6b60b18418085390e96228/value']}",
              "item/HoursAsText": "@{outputs('Extract_information_via_model')?['body/responsev2/predictionOutput/labels/Hours/value']}"
            },
            "host": {
              "apiId": "/providers/Microsoft.PowerApps/apis/shared_sharepointonline",
              "operationId": "PostItem",
              "connectionName": "shared_sharepointonline-2"
            }
          }
        },
        "FileName": {
          "runAfter": {
            "ComposeOfFormatNewFileName": [
              "Succeeded"
            ]
          },
          "metadata": {
            "operationMetadataId": "faee8bf4-028b-49cf-8e2e-7d05ccef4ef9"
          },
          "type": "InitializeVariable",
          "inputs": {
            "variables": [
              {
                "name": "FileName",
                "type": "string",
                "value": "@base64ToString(triggerOutputs()?['headers/x-ms-file-name-encoded'])"
              }
            ]
          }
        },
        "FilePath": {
          "runAfter": {
            "FileName": [
              "Succeeded"
            ]
          },
          "metadata": {
            "operationMetadataId": "96f051a2-b811-4f9e-ad0d-e6235160b4f8"
          },
          "type": "InitializeVariable",
          "inputs": {
            "variables": [
              {
                "name": "FilePath",
                "type": "string",
                "value": "@base64ToString(triggerOutputs()?['headers/x-ms-file-path-encoded'])"
              }
            ]
          }
        },
        "FileNewFullPath": {
          "runAfter": {
            "FilePath": [
              "Succeeded"
            ]
          },
          "metadata": {
            "operationMetadataId": "547a2039-7210-4452-bf3a-8821c6e9a680"
          },
          "type": "InitializeVariable",
          "inputs": {
            "variables": [
              {
                "name": "FileNewFullPath",
                "type": "string",
                "value": "@{concat(replace(variables('FilePath'),variables('FileName'),''), outputs('ComposeOfFormatNewFileName'))}"
              }
            ]
          }
        },
        "Rename_the_newly_added_file": {
          "runAfter": {
            "FileNewFullPath": [
              "Succeeded"
            ]
          },
          "metadata": {
            "operationMetadataId": "151bcb10-78db-49c2-b83e-2dcba9b89f10"
          },
          "type": "OpenApiConnection",
          "inputs": {
            "parameters": {
              "id": "@triggerOutputs()?['headers/x-ms-file-id']",
              "destination": "@variables('FileNewFullPath')",
              "overwrite": true
            },
            "host": {
              "apiId": "/providers/Microsoft.PowerApps/apis/shared_onedriveforbusiness",
              "operationId": "MoveFile",
              "connectionName": "shared_onedriveforbusiness-2"
            }
          }
        }
      },
      "outputs": {}
    },
    "templateName": null
  },
  "schemaVersion": "1.0.0.0"
}