{
  "properties": {
    "connectionReferences": {
      "shared_sharepointonline": {
        "runtimeSource": "embedded",
        "connection": {
          "connectionReferenceLogicalName": "zhisong_SharePointConnectionReference"
        },
        "api": {
          "name": "shared_sharepointonline"
        }
      },
      "shared_office365users": {
        "runtimeSource": "embedded",
        "connection": {
          "connectionReferenceLogicalName": "zhisong_Office365UsersConnectionReference"
        },
        "api": {
          "name": "shared_office365users"
        }
      },
      "shared_approvals": {
        "runtimeSource": "embedded",
        "connection": {
          "connectionReferenceLogicalName": "zhisong_ApprovalsConnectionReference"
        },
        "api": {
          "name": "shared_approvals"
        }
      },
      "shared_office365": {
        "runtimeSource": "embedded",
        "connection": {
          "connectionReferenceLogicalName": "zhisong_Office365OutlookConnectionReference"
        },
        "api": {
          "name": "shared_office365"
        }
      }
    },
    "definition": {
      "$schema": "https://schema.management.azure.com/providers/Microsoft.Logic/schemas/2016-06-01/workflowdefinition.json#",
      "contentVersion": "1.0.0.0",
      "parameters": {
        "$authentication": {
          "defaultValue": {},
          "type": "SecureObject"
        },
        "$connections": {
          "defaultValue": {},
          "type": "Object"
        }
      },
      "triggers": {
        "When_a_project_budget_item_is_created": {
          "recurrence": {
            "interval": 1,
            "frequency": "Minute"
          },
          "splitOn": "@triggerOutputs()?['body/value']",
          "metadata": {
            "operationMetadataId": "b617f7f1-119e-49d1-bdbf-1c3a7b25a05f"
          },
          "type": "OpenApiConnection",
          "inputs": {
            "parameters": {
              "dataset": "https://hbxt.sharepoint.com/sites/Portfolio",
              "table": "6f517d17-a0ef-4d2b-8ac6-89ee6c5c07bc"
            },
            "host": {
              "apiId": "/providers/Microsoft.PowerApps/apis/shared_sharepointonline",
              "operationId": "GetOnNewItems",
              "connectionName": "shared_sharepointonline"
            }
          }
        }
      },
      "actions": {
        "Get_manager_(V2)": {
          "runAfter": {},
          "metadata": {
            "operationMetadataId": "9e551401-6001-4c4f-9294-36a5ed0a5139"
          },
          "type": "OpenApiConnection",
          "inputs": {
            "parameters": {
              "id": "@triggerOutputs()?['body/Author/Email']"
            },
            "host": {
              "apiId": "/providers/Microsoft.PowerApps/apis/shared_office365users",
              "operationId": "Manager_V2",
              "connectionName": "shared_office365users"
            }
          }
        },
        "Create_an_approval": {
          "runAfter": {
            "Get_manager_(V2)": [
              "Succeeded"
            ]
          },
          "metadata": {
            "operationMetadataId": "67e43717-2417-4273-82e8-3714e6eaa0fb"
          },
          "type": "OpenApiConnection",
          "inputs": {
            "parameters": {
              "approvalType": "Basic",
              "ApprovalCreationInput/title": "Budget Approval for Project: @{triggerOutputs()?['body/Title']}",
              "ApprovalCreationInput/assignedTo": "@{outputs('Get_manager_(V2)')?['body/mail']};",
              "ApprovalCreationInput/details": "**Project Title**: @{triggerOutputs()?['body/Title']}\n\n**Budget Details**:\n- **Total**: @{triggerOutputs()?['body/BudgetRequested']}\n- **Start Date**: @{triggerOutputs()?['body/StartDate']}\n- **End Date**: @{triggerOutputs()?['body/EndDate']}\n\nFor more details, please review from [here](@{triggerOutputs()?['body/{Link}']}).\n\n---\n\n*Please approve or reject this request at your earliest convenience.*\n",
              "ApprovalCreationInput/requestor": "@{triggerOutputs()?['body/Author/Email']};",
              "ApprovalCreationInput/enableNotifications": true,
              "ApprovalCreationInput/enableReassignment": true
            },
            "host": {
              "apiId": "/providers/Microsoft.PowerApps/apis/shared_approvals",
              "operationId": "CreateAnApproval",
              "connectionName": "shared_approvals"
            }
          }
        },
        "Wait_for_an_approval": {
          "runAfter": {
            "Create_an_approval": [
              "Succeeded"
            ]
          },
          "metadata": {
            "operationMetadataId": "00d8197e-996c-4013-bb2f-7a5261379185"
          },
          "type": "OpenApiConnectionWebhook",
          "inputs": {
            "parameters": {
              "approvalName": "@outputs('Create_an_approval')?['body/name']"
            },
            "host": {
              "apiId": "/providers/Microsoft.PowerApps/apis/shared_approvals",
              "operationId": "WaitForAnApproval",
              "connectionName": "shared_approvals"
            }
          }
        },
        "Condition_-_Check_approval_outcome": {
          "actions": {
            "Apply_to_each": {
              "foreach": "@outputs('Wait_for_an_approval')?['body/responses']",
              "actions": {
                "Update_Project_budget_status_to_Approved": {
                  "metadata": {
                    "operationMetadataId": "b623b86c-7b00-48bd-92ab-c98319e581d6"
                  },
                  "type": "OpenApiConnection",
                  "inputs": {
                    "parameters": {
                      "dataset": "https://hbxt.sharepoint.com/sites/Portfolio",
                      "table": "6f517d17-a0ef-4d2b-8ac6-89ee6c5c07bc",
                      "id": "@triggerOutputs()?['body/ID']",
                      "item/Approver/Claims": "@outputs('Get_manager_(V2)')?['body/userPrincipalName']",
                      "item/ApprovalStatus": "Approve",
                      "item/ApprovalComments": "@items('Apply_to_each')?['comments']"
                    },
                    "host": {
                      "apiId": "/providers/Microsoft.PowerApps/apis/shared_sharepointonline",
                      "operationId": "PatchItem",
                      "connectionName": "shared_sharepointonline"
                    }
                  }
                },
                "Send_an_email_for_approved_alert": {
                  "runAfter": {
                    "Update_Project_budget_status_to_Approved": [
                      "Succeeded"
                    ]
                  },
                  "metadata": {
                    "operationMetadataId": "8ccb482a-17e9-4783-9594-d76e64e96e4e"
                  },
                  "type": "OpenApiConnection",
                  "inputs": {
                    "parameters": {
                      "emailMessage/To": "@triggerOutputs()?['body/Author/Email']",
                      "emailMessage/Subject": "Your project budget request has been approved",
                      "emailMessage/Body": "<p>Dear @{triggerOutputs()?['body/Author/DisplayName']},<br>\n<br>\n<br>\nYour project budget request for the project titled '@{triggerOutputs()?['body/Title']}' has been approved.<br>\n<br>\nApproval comments: @{items('Apply_to_each')?['comments']}<br>\n</p>",
                      "emailMessage/Importance": "Normal"
                    },
                    "host": {
                      "apiId": "/providers/Microsoft.PowerApps/apis/shared_office365",
                      "operationId": "SendEmailV2",
                      "connectionName": "shared_office365"
                    }
                  }
                }
              },
              "metadata": {
                "operationMetadataId": "c4e376f9-08bf-4e9b-a7db-12e2357df9c7"
              },
              "type": "Foreach"
            }
          },
          "runAfter": {
            "Wait_for_an_approval": [
              "Succeeded"
            ]
          },
          "else": {
            "actions": {
              "Apply_to_each_2": {
                "foreach": "@outputs('Wait_for_an_approval')?['body/responses']",
                "actions": {
                  "Update_Project_budget_approval_status_to_Rejected": {
                    "metadata": {
                      "operationMetadataId": "606884d0-85cc-4b1e-97ed-0f79ea64001d"
                    },
                    "type": "OpenApiConnection",
                    "inputs": {
                      "parameters": {
                        "dataset": "https://hbxt.sharepoint.com/sites/Portfolio",
                        "table": "6f517d17-a0ef-4d2b-8ac6-89ee6c5c07bc",
                        "id": "@triggerOutputs()?['body/ID']",
                        "item/Approver/Claims": "@outputs('Get_manager_(V2)')?['body/userPrincipalName']",
                        "item/ApprovalStatus": "Reject",
                        "item/ApprovalComments": "@items('Apply_to_each_2')?['comments']"
                      },
                      "host": {
                        "apiId": "/providers/Microsoft.PowerApps/apis/shared_sharepointonline",
                        "operationId": "PatchItem",
                        "connectionName": "shared_sharepointonline"
                      }
                    }
                  },
                  "Send_an_email_for_rejected_alert": {
                    "runAfter": {
                      "Update_Project_budget_approval_status_to_Rejected": [
                        "Succeeded"
                      ]
                    },
                    "metadata": {
                      "operationMetadataId": "203b84c7-af16-4857-8b40-6010f6daf00a"
                    },
                    "type": "OpenApiConnection",
                    "inputs": {
                      "parameters": {
                        "emailMessage/To": "@triggerOutputs()?['body/Author/Email']",
                        "emailMessage/Subject": "Your project budget request has been rejected",
                        "emailMessage/Body": "<p>Dear @{triggerOutputs()?['body/Author/DisplayName']},<br>\n<br>\nThank you for submitting your budget request for the project titled '@{triggerOutputs()?['body/Title']}'. After careful consideration, I am unable to approve the request in its current form.<br>\n<br>\nApproval Comments: @{items('Apply_to_each_2')?['comments']}<br>\n</p>",
                        "emailMessage/Importance": "Normal"
                      },
                      "host": {
                        "apiId": "/providers/Microsoft.PowerApps/apis/shared_office365",
                        "operationId": "SendEmailV2",
                        "connectionName": "shared_office365"
                      }
                    }
                  }
                },
                "metadata": {
                  "operationMetadataId": "037642f5-4fbd-4f5b-a409-793d2b819e69"
                },
                "type": "Foreach"
              }
            }
          },
          "expression": {
            "equals": [
              "@outputs('Wait_for_an_approval')?['body/outcome']",
              "Approve"
            ]
          },
          "metadata": {
            "operationMetadataId": "6de1134b-b561-4da4-a51c-3714926c89f5"
          },
          "type": "If"
        }
      }
    },
    "templateName": null
  },
  "schemaVersion": "1.0.0.0"
}