{
  "properties": {
    "connectionReferences": {
      "shared_commondataserviceforapps": {
        "runtimeSource": "embedded",
        "connection": {
          "connectionReferenceLogicalName": "zhisong_MicrosoftDataverseConnectionReference"
        },
        "api": {
          "name": "shared_commondataserviceforapps"
        }
      },
      "shared_onedriveforbusiness": {
        "runtimeSource": "embedded",
        "connection": {
          "connectionReferenceLogicalName": "zhisong_OneDriveforBusinessConnectionReference"
        },
        "api": {
          "name": "shared_onedriveforbusiness"
        }
      },
      "shared_sharepointonline": {
        "runtimeSource": "embedded",
        "connection": {
          "connectionReferenceLogicalName": "zhisong_SharePointConnectionReference"
        },
        "api": {
          "name": "shared_sharepointonline"
        }
      },
      "shared_flowpush": {
        "runtimeSource": "embedded",
        "connection": {
          "connectionReferenceLogicalName": "zhisong_NotificationsConnectionReference"
        },
        "api": {
          "name": "shared_flowpush"
        }
      }
    },
    "definition": {
      "$schema": "https://schema.management.azure.com/providers/Microsoft.Logic/schemas/2016-06-01/workflowdefinition.json#",
      "contentVersion": "1.0.0.0",
      "parameters": {
        "$connections": {
          "defaultValue": {},
          "type": "Object"
        },
        "$authentication": {
          "defaultValue": {},
          "type": "SecureObject"
        }
      },
      "triggers": {
        "When_a_certificate_file_is_added": {
          "recurrence": {
            "interval": 1,
            "frequency": "Minute"
          },
          "metadata": {
            "b!1PF3_hq8NECuRNziDd0CO3NaC2kkxDRGjqZDs24qAX7Ht3_2gfv7Tqcznz2KnuJ2.01SX6YFQGZ6KJYLK5QK5BZXNJ2EMMTNILI": "/Work/Upwork/Certificate of Earnings",
            "operationMetadataId": "67c54c46-f31e-4060-90a3-abc14d67c63b"
          },
          "type": "OpenApiConnection",
          "inputs": {
            "host": {
              "connectionName": "shared_onedriveforbusiness",
              "operationId": "OnNewFileV2",
              "apiId": "/providers/Microsoft.PowerApps/apis/shared_onedriveforbusiness"
            },
            "parameters": {
              "folderId": "b!1PF3_hq8NECuRNziDd0CO3NaC2kkxDRGjqZDs24qAX7Ht3_2gfv7Tqcznz2KnuJ2.01SX6YFQGZ6KJYLK5QK5BZXNJ2EMMTNILI",
              "includeSubfolders": false,
              "inferContentType": true
            },
            "authentication": "@parameters('$authentication')"
          }
        }
      },
      "actions": {
        "Extract_information_from_the_certificate_file": {
          "runAfter": {},
          "metadata": {
            "operationMetadataId": "bf0970e0-04ef-461c-9c95-e901758eb8ea",
            "flowSystemMetadata": {
              "portalOperationId": "aibuilderpredict_formsprocessing",
              "portalOperationGroup": "aibuilder",
              "portalOperationApiDisplayNameOverride": "AI Builder",
              "portalOperationIconOverride": "https://content.powerapps.com/resource/makerx/static/pauto/images/designeroperations/aiBuilderNew.51dbdb6b.png",
              "portalOperationBrandColorOverride": "#0A76C4",
              "portalOperationApiTierOverride": "Standard"
            }
          },
          "type": "OpenApiConnection",
          "inputs": {
            "host": {
              "connectionName": "shared_commondataserviceforapps",
              "operationId": "aibuilderpredict_formsprocessing",
              "apiId": "/providers/Microsoft.PowerApps/apis/shared_commondataserviceforapps"
            },
            "parameters": {
              "recordId": "2b059806-8456-4073-8a30-30592195541e",
              "item/requestv2/mimeType": "application/pdf",
              "item/requestv2/base64Encoded": "@triggerOutputs()?['body']"
            },
            "authentication": "@parameters('$authentication')"
          }
        },
        "Certificate_File_Name": {
          "runAfter": {
            "Extract_information_from_the_certificate_file": [
              "Succeeded"
            ]
          },
          "metadata": {
            "operationMetadataId": "1a80bb24-d3a3-4811-801d-ef85701122f6"
          },
          "type": "InitializeVariable",
          "inputs": {
            "variables": [
              {
                "name": "FileName",
                "type": "string",
                "value": "@base64ToString(triggerOutputs()?['headers/x-ms-file-name-encoded'])"
              }
            ]
          }
        },
        "Certificate_File_Path": {
          "runAfter": {
            "Certificate_File_Name": [
              "Succeeded"
            ]
          },
          "metadata": {
            "operationMetadataId": "a7afff93-ef7a-459a-a11b-d4cfcc7b417d"
          },
          "type": "InitializeVariable",
          "inputs": {
            "variables": [
              {
                "name": "FilePath",
                "type": "string",
                "value": "@base64ToString(triggerOutputs()?['headers/x-ms-file-path-encoded'])"
              }
            ]
          }
        },
        "Certificate_file_new_path": {
          "runAfter": {
            "Certificate_file_new_name": [
              "Succeeded"
            ]
          },
          "metadata": {
            "operationMetadataId": "670622e5-e86d-4caa-b5f0-c5b8a5dc02bc"
          },
          "type": "InitializeVariable",
          "inputs": {
            "variables": [
              {
                "name": "Certificate File New Path",
                "type": "string",
                "value": "@{concat(replace(variables('FilePath'), variables('FileName'),''), variables('Certificate File New Name'))}"
              }
            ]
          }
        },
        "Rename_the_certificat_file": {
          "runAfter": {
            "Certificate_file_new_path": [
              "Succeeded"
            ]
          },
          "metadata": {
            "operationMetadataId": "247b881f-fc9a-44cc-9a8c-4bc6392d3206"
          },
          "type": "OpenApiConnection",
          "inputs": {
            "host": {
              "connectionName": "shared_onedriveforbusiness",
              "operationId": "MoveFile",
              "apiId": "/providers/Microsoft.PowerApps/apis/shared_onedriveforbusiness"
            },
            "parameters": {
              "id": "@triggerOutputs()?['headers/x-ms-file-id']",
              "destination": "@variables('Certificate File New Path')",
              "overwrite": true
            },
            "authentication": "@parameters('$authentication')"
          }
        },
        "Certificate_file_new_name": {
          "runAfter": {
            "Certificate_File_Path": [
              "Succeeded"
            ]
          },
          "metadata": {
            "operationMetadataId": "aa428e01-e51a-4081-802f-06ebe4eb05af"
          },
          "type": "InitializeVariable",
          "inputs": {
            "variables": [
              {
                "name": "Certificate File New Name",
                "type": "string",
                "value": "certificate-of-earnings-@{formatDateTime(outputs('Extract_information_from_the_certificate_file')?['body/responsev2/predictionOutput/labels/Certificc044b02753550f0a64c9f0dfb8f18f5e/value'], 'yyyyMMdd')}.pdf"
              }
            ]
          }
        },
        "Create_SharePoint_list_item": {
          "runAfter": {
            "Rename_the_certificat_file": [
              "Succeeded"
            ]
          },
          "metadata": {
            "operationMetadataId": "e0433396-353f-47af-84f5-99cfb6c2d433"
          },
          "type": "OpenApiConnection",
          "inputs": {
            "host": {
              "connectionName": "shared_sharepointonline",
              "operationId": "PostItem",
              "apiId": "/providers/Microsoft.PowerApps/apis/shared_sharepointonline"
            },
            "parameters": {
              "dataset": "https://kyx.sharepoint.com/sites/upwork",
              "table": "0e727022-fa0b-437f-9f04-d19d54beb308",
              "item/Title": "@outputs('Extract_information_from_the_certificate_file')?['body/responsev2/predictionOutput/labels/Name/value']",
              "item/CertificateDate": "@outputs('Extract_information_from_the_certificate_file')?['body/responsev2/predictionOutput/labels/Certificc044b02753550f0a64c9f0dfb8f18f5e/value']",
              "item/FreelancerTitle": "@outputs('Extract_information_from_the_certificate_file')?['body/responsev2/predictionOutput/labels/Title/value']",
              "item/ProfileURL": "@outputs('Extract_information_from_the_certificate_file')?['body/responsev2/predictionOutput/labels/Profile_2c42af1096c973752b9792bd5e555272/value']",
              "item/ActiveSince": "@outputs('Extract_information_from_the_certificate_file')?['body/responsev2/predictionOutput/labels/Active_069795378bcd92002ba1156113a5c220e/value']",
              "item/Adress": "@outputs('Extract_information_from_the_certificate_file')?['body/responsev2/predictionOutput/labels/Adress/value']",
              "item/PaymentReceivedDate1": "@outputs('Extract_information_from_the_certificate_file')?['body/responsev2/predictionOutput/labels/Payment_11d5ff0f6ccf89ac7fa3f9c0738152a5/value']",
              "item/PaymentReceivedAmount1": "@outputs('Extract_information_from_the_certificate_file')?['body/responsev2/predictionOutput/labels/Payment_4c0a0cc842ac04de8d6c120e9f40b090/value']",
              "item/PaymentReceivedDate2": "@outputs('Extract_information_from_the_certificate_file')?['body/responsev2/predictionOutput/labels/Payment_c5fb7f19f5b5a23cd7e21b4bd2ffecae/value']",
              "item/PaymentReceivedAmount2": "@outputs('Extract_information_from_the_certificate_file')?['body/responsev2/predictionOutput/labels/Payment_d28b4ac00cf2883863822fe40018206c/value']",
              "item/PaymentReceivedDate3": "@outputs('Extract_information_from_the_certificate_file')?['body/responsev2/predictionOutput/labels/Payment_4e1e2678013e216fb000369e6a3c4e79/value']",
              "item/PaymentReceivedAmount3": "@outputs('Extract_information_from_the_certificate_file')?['body/responsev2/predictionOutput/labels/Payment_66001772e2f73989f49909dea9b998bd/value']",
              "item/PaymentReceivedDate4": "@outputs('Extract_information_from_the_certificate_file')?['body/responsev2/predictionOutput/labels/Payment_b1a8b107af9950545e339af63f6b0cea/value']",
              "item/PaymentReceivedAmount4": "@outputs('Extract_information_from_the_certificate_file')?['body/responsev2/predictionOutput/labels/Payment_f4806c6b7593e3a974eb38733e78a5ac/value']"
            },
            "authentication": "@parameters('$authentication')"
          }
        },
        "Send_me_a_mobile_notification": {
          "runAfter": {
            "Create_SharePoint_list_item": [
              "Succeeded"
            ]
          },
          "metadata": {
            "operationMetadataId": "6b2f38df-22f5-42a3-bb08-3541c721ec12"
          },
          "type": "OpenApiConnection",
          "inputs": {
            "host": {
              "connectionName": "shared_flowpush",
              "operationId": "SendNotification",
              "apiId": "/providers/Microsoft.PowerApps/apis/shared_flowpush"
            },
            "parameters": {
              "NotificationDefinition/notificationText": "The earnings of certification on @{formatDateTime(outputs('Extract_information_from_the_certificate_file')?['body/responsev2/predictionOutput/labels/Certificc044b02753550f0a64c9f0dfb8f18f5e/value'], 'yyyy-MM-dd')} has been archived."
            },
            "authentication": "@parameters('$authentication')"
          }
        }
      },
      "outputs": {}
    },
    "templateName": ""
  },
  "schemaVersion": "1.0.0.0"
}