{
  "properties": {
    "connectionReferences": {
      "shared_onedriveforbusiness": {
        "runtimeSource": "embedded",
        "connection": {
          "connectionReferenceLogicalName": "zhisong_OneDriveforBusinessConnectionReference"
        },
        "api": {
          "name": "shared_onedriveforbusiness"
        }
      }
    },
    "definition": {
      "$schema": "https://schema.management.azure.com/providers/Microsoft.Logic/schemas/2016-06-01/workflowdefinition.json#",
      "contentVersion": "1.0.0.0",
      "parameters": {
        "$connections": {
          "defaultValue": {},
          "type": "Object"
        },
        "$authentication": {
          "defaultValue": {},
          "type": "SecureObject"
        }
      },
      "triggers": {
        "When_a_file_is_added_under_Move_to_Clients_Folder_(require_specify)": {
          "recurrence": {
            "interval": 1,
            "frequency": "Minute"
          },
          "metadata": {
            "b!15IE21PukkCSOX8HsvzI97N-DtpgZKpEk6dqg-5sqPL2smfRcsPLRLI0cxbYyoRI.0146LOBMI5A4ORPFFEYVDI5B77EM2YMPDG": "/Contoso Document/Move to Clients Folders",
            "operationMetadataId": "e8167555-be0b-40ec-a3a6-44cc4f4cbc2c"
          },
          "type": "OpenApiConnection",
          "inputs": {
            "host": {
              "connectionName": "shared_onedriveforbusiness",
              "operationId": "OnNewFileV2",
              "apiId": "/providers/Microsoft.PowerApps/apis/shared_onedriveforbusiness"
            },
            "parameters": {
              "folderId": "b!15IE21PukkCSOX8HsvzI97N-DtpgZKpEk6dqg-5sqPL2smfRcsPLRLI0cxbYyoRI.0146LOBMI5A4ORPFFEYVDI5B77EM2YMPDG",
              "includeSubfolders": true,
              "inferContentType": true
            },
            "authentication": "@parameters('$authentication')"
          },
          "description": "When a file is added into the move to clients folder"
        }
      },
      "actions": {
        "FileName": {
          "runAfter": {
            "MoveFromRootFolderNameLength": [
              "Succeeded"
            ]
          },
          "metadata": {
            "operationMetadataId": "1a722d6a-9688-42de-8dc2-0f94a5a6d94f"
          },
          "type": "InitializeVariable",
          "inputs": {
            "variables": [
              {
                "name": "FileName",
                "type": "string",
                "value": "@base64ToString(triggerOutputs()?['headers/x-ms-file-name-encoded'])"
              }
            ]
          },
          "description": "the file name of newly added file into the ondrive for business"
        },
        "Extract_the_ClientID_from_the_newly_added_file_name": {
          "runAfter": {
            "RelativeFilePath": [
              "Succeeded"
            ]
          },
          "metadata": {
            "operationMetadataId": "c66fb0ba-6ce8-4170-9de2-47d7df8e04a1"
          },
          "type": "Expression",
          "kind": "Substring",
          "inputs": {
            "text": "@variables('FileName')",
            "startingPosition": "@add(lastIndexOf(variables('FileName'), '_'),1) ",
            "length": "@sub(sub(indexOf(variables('FileName'), '.'), lastIndexOf(variables('FileName'), '_')), 1)"
          }
        },
        "ClientID": {
          "runAfter": {
            "Extract_the_ClientID_from_the_newly_added_file_name": [
              "Succeeded"
            ]
          },
          "metadata": {
            "operationMetadataId": "e1c87acf-d6f6-46f6-ad30-1a17172b0652"
          },
          "type": "InitializeVariable",
          "inputs": {
            "variables": [
              {
                "name": "ClientID",
                "type": "string",
                "value": "@{body('Extract_the_ClientID_from_the_newly_added_file_name')}"
              }
            ]
          },
          "description": "the clientid extraced from the newly added file name"
        },
        "FilePath": {
          "runAfter": {
            "FileName": [
              "Succeeded"
            ]
          },
          "metadata": {
            "operationMetadataId": "49231ef1-8640-4a43-9e61-213a12609cf4"
          },
          "type": "InitializeVariable",
          "inputs": {
            "variables": [
              {
                "name": "FilePath",
                "type": "string",
                "value": "@base64ToString(triggerOutputs()?['headers/x-ms-file-path-encoded'])"
              }
            ]
          },
          "description": "a variable which save the newly added file's path"
        },
        "MoveFromRootFolderPath_(require_specify)": {
          "runAfter": {},
          "metadata": {
            "operationMetadataId": "cefd7052-4f9a-452f-9f3c-2fc31c7ca27b"
          },
          "type": "InitializeVariable",
          "inputs": {
            "variables": [
              {
                "name": "MoveFromRootFolderName",
                "type": "string",
                "value": "/Contoso Document/Move to Clients Folders"
              }
            ]
          },
          "description": "Copy previous action's Folder value to this action's value field"
        },
        "RelativeFilePathWithFileName": {
          "runAfter": {
            "FilePath": [
              "Succeeded"
            ]
          },
          "metadata": {
            "operationMetadataId": "e8b64a80-8f2f-4bfb-b405-ce9a1f79dbac"
          },
          "type": "InitializeVariable",
          "inputs": {
            "variables": [
              {
                "name": "RelativeFilePathWithFileName",
                "type": "string",
                "value": "@{substring(variables('FilePath'), add(indexOf(variables('FilePath'),variables('MoveFromRootFolderName')),variables('MoveFromRootFolderNameLength')))}"
              }
            ]
          },
          "description": "the relative file path from the root source folder including file name"
        },
        "MoveFromRootFolderNameLength": {
          "runAfter": {
            "ClientRootFolderPath_(require_specify)": [
              "Succeeded"
            ]
          },
          "metadata": {
            "operationMetadataId": "c1234072-9402-4c98-bdd0-3e0212160558"
          },
          "type": "InitializeVariable",
          "inputs": {
            "variables": [
              {
                "name": "MoveFromRootFolderNameLength",
                "type": "integer",
                "value": "@length(variables('MoveFromRootFolderName'))"
              }
            ]
          },
          "description": "variable which save the length of the root source folder name"
        },
        "RelativeFilePath": {
          "runAfter": {
            "RelativeFilePathWithFileName": [
              "Succeeded"
            ]
          },
          "metadata": {
            "operationMetadataId": "3dd81666-7d1b-40fb-a473-98236dee6da9"
          },
          "type": "InitializeVariable",
          "inputs": {
            "variables": [
              {
                "name": "RelativeFilePath",
                "type": "string",
                "value": "@{substring(variables('RelativeFilePathWithFileName'), 0, indexOf(variables('RelativeFilePathWithFileName'), variables('FileName')))}"
              }
            ]
          },
          "description": "the relative file path from the root source folder excluding file name"
        },
        "ClientFolderExist": {
          "runAfter": {
            "ClientID": [
              "Succeeded"
            ]
          },
          "metadata": {
            "operationMetadataId": "ffca1924-2945-4beb-ba65-6934a6535138"
          },
          "type": "InitializeVariable",
          "inputs": {
            "variables": [
              {
                "name": "ClientFolderExist",
                "type": "integer",
                "value": 0
              }
            ]
          },
          "description": "Not Exist: 0  Exist: 1"
        },
        "If_target_client_folder_was_not_found_via_the_client_id": {
          "actions": {},
          "runAfter": {
            "Apply_to_each_file_or_folder_under_root_client_folder": [
              "Succeeded"
            ]
          },
          "expression": {
            "equals": [
              "@variables('ClientFolderExist')",
              0
            ]
          },
          "metadata": {
            "operationMetadataId": "2dc63c64-31e7-4f25-88d3-8d28240a6ad7"
          },
          "type": "If",
          "description": "Add actions in the \"If yes\" branch when client folder was not found"
        },
        "List_files_under_Client_Root_Folder_(require_specify)": {
          "runAfter": {
            "MoveFromRootFolderPath_(require_specify)": [
              "Succeeded"
            ]
          },
          "metadata": {
            "b!15IE21PukkCSOX8HsvzI97N-DtpgZKpEk6dqg-5sqPL2smfRcsPLRLI0cxbYyoRI.0146LOBMIISEQSQD76IRA2RRQ6XH5QEBRW": "/Contoso Document/Clients",
            "operationMetadataId": "1eb22f55-967b-48d2-aa2d-9cfd5f14aebf"
          },
          "type": "OpenApiConnection",
          "inputs": {
            "host": {
              "connectionName": "shared_onedriveforbusiness",
              "operationId": "ListFolderV2",
              "apiId": "/providers/Microsoft.PowerApps/apis/shared_onedriveforbusiness"
            },
            "parameters": {
              "id": "b!15IE21PukkCSOX8HsvzI97N-DtpgZKpEk6dqg-5sqPL2smfRcsPLRLI0cxbYyoRI.0146LOBMIISEQSQD76IRA2RRQ6XH5QEBRW"
            },
            "authentication": "@parameters('$authentication')"
          }
        },
        "ClientRootFolderPath_(require_specify)": {
          "runAfter": {
            "List_files_under_Client_Root_Folder_(require_specify)": [
              "Succeeded"
            ]
          },
          "metadata": {
            "operationMetadataId": "4c1bb395-c839-4b0c-a2f1-e6f16cc12ad7"
          },
          "type": "InitializeVariable",
          "inputs": {
            "variables": [
              {
                "name": "ClientRootFolderPath",
                "type": "string",
                "value": "/Contoso Document/Clients"
              }
            ]
          },
          "description": "Copy previous action's Folder value to this action's value field"
        },
        "Apply_to_each_file_or_folder_under_root_client_folder": {
          "foreach": "@outputs('List_files_under_Client_Root_Folder_(require_specify)')?['body/value']",
          "actions": {
            "Condition_-_Check_whether_is_folder_and_folder_name_ends_with_clientid": {
              "actions": {
                "Set_client_folder_found_flag": {
                  "runAfter": {},
                  "metadata": {
                    "operationMetadataId": "ab660fdd-5507-4408-a92d-89844ab3b4a5"
                  },
                  "type": "SetVariable",
                  "inputs": {
                    "name": "ClientFolderExist",
                    "value": 1
                  }
                },
                "Create_file": {
                  "runAfter": {
                    "Set_client_folder_found_flag": [
                      "Succeeded"
                    ]
                  },
                  "metadata": {
                    "operationMetadataId": "49d39557-8744-4c15-9c82-15dc9295c7be"
                  },
                  "type": "OpenApiConnection",
                  "inputs": {
                    "host": {
                      "connectionName": "shared_onedriveforbusiness",
                      "operationId": "CreateFile",
                      "apiId": "/providers/Microsoft.PowerApps/apis/shared_onedriveforbusiness"
                    },
                    "parameters": {
                      "folderPath": "@{variables('ClientRootFolderPath')}/@{items('Apply_to_each_file_or_folder_under_root_client_folder')?['Name']}@{variables('RelativeFilePath')}",
                      "name": "@triggerOutputs()?['headers/x-ms-file-name-encoded']",
                      "body": "@triggerOutputs()?['body']"
                    },
                    "authentication": "@parameters('$authentication')"
                  },
                  "runtimeConfiguration": {
                    "contentTransfer": {
                      "transferMode": "Chunked"
                    }
                  }
                },
                "Delete_source_file": {
                  "runAfter": {
                    "Create_file": [
                      "Succeeded"
                    ]
                  },
                  "metadata": {
                    "operationMetadataId": "f1d5162c-59dc-41d6-9457-c534c4fd6df4"
                  },
                  "type": "OpenApiConnection",
                  "inputs": {
                    "host": {
                      "connectionName": "shared_onedriveforbusiness",
                      "operationId": "DeleteFile",
                      "apiId": "/providers/Microsoft.PowerApps/apis/shared_onedriveforbusiness"
                    },
                    "parameters": {
                      "id": "@triggerOutputs()?['headers/x-ms-file-id']"
                    },
                    "authentication": "@parameters('$authentication')"
                  }
                }
              },
              "runAfter": {},
              "expression": {
                "and": [
                  {
                    "equals": [
                      "@items('Apply_to_each_file_or_folder_under_root_client_folder')?['IsFolder']",
                      true
                    ]
                  },
                  {
                    "endsWith": [
                      "@items('Apply_to_each_file_or_folder_under_root_client_folder')?['Name']",
                      "@concat('_', variables('ClientID'))"
                    ]
                  }
                ]
              },
              "metadata": {
                "operationMetadataId": "d595451d-c443-4835-83e8-28293e3997d4"
              },
              "type": "If"
            }
          },
          "runAfter": {
            "ClientFolderExist": [
              "Succeeded"
            ]
          },
          "metadata": {
            "operationMetadataId": "a5f60830-313e-4091-bc87-2c6b1ea105a8"
          },
          "type": "Foreach"
        }
      },
      "outputs": {}
    },
    "templateName": ""
  },
  "schemaVersion": "1.0.0.0"
}