{
  "properties": {
    "connectionReferences": {
      "shared_commondataserviceforapps_1": {
        "runtimeSource": "embedded",
        "connection": {
          "connectionReferenceLogicalName": "zhisong_MicrosoftDataverseConnectionReference"
        },
        "api": {
          "name": "shared_commondataserviceforapps"
        }
      },
      "shared_sharepointonline_1": {
        "runtimeSource": "embedded",
        "connection": {
          "connectionReferenceLogicalName": "zhisong_SharePointConnectionReference"
        },
        "api": {
          "name": "shared_sharepointonline"
        }
      },
      "shared_onedriveforbusiness_1": {
        "runtimeSource": "embedded",
        "connection": {
          "connectionReferenceLogicalName": "zhisong_OneDriveforBusinessConnectionReference"
        },
        "api": {
          "name": "shared_onedriveforbusiness"
        }
      }
    },
    "definition": {
      "$schema": "https://schema.management.azure.com/providers/Microsoft.Logic/schemas/2016-06-01/workflowdefinition.json#",
      "contentVersion": "1.0.0.0",
      "parameters": {
        "$connections": {
          "defaultValue": {},
          "type": "Object"
        },
        "$authentication": {
          "defaultValue": {},
          "type": "SecureObject"
        }
      },
      "triggers": {
        "When_an_invoice_file_is_added": {
          "recurrence": {
            "interval": 1,
            "frequency": "Minute"
          },
          "metadata": {
            "b!1PF3_hq8NECuRNziDd0CO3NaC2kkxDRGjqZDs24qAX7Ht3_2gfv7Tqcznz2KnuJ2.01SX6YFQCFHOLONFL7IJDYJCNZOXVGJ2QR": "/Work/Upwork/Invoices",
            "operationMetadataId": "d503cf7b-cfbe-4df5-9df9-bd5248147d26"
          },
          "type": "OpenApiConnection",
          "inputs": {
            "host": {
              "connectionName": "shared_onedriveforbusiness_1",
              "operationId": "OnNewFileV2",
              "apiId": "/providers/Microsoft.PowerApps/apis/shared_onedriveforbusiness"
            },
            "parameters": {
              "folderId": "b!1PF3_hq8NECuRNziDd0CO3NaC2kkxDRGjqZDs24qAX7Ht3_2gfv7Tqcznz2KnuJ2.01SX6YFQCFHOLONFL7IJDYJCNZOXVGJ2QR",
              "includeSubfolders": true,
              "inferContentType": true
            },
            "authentication": "@parameters('$authentication')"
          }
        }
      },
      "actions": {
        "Extract_information_from_invoice": {
          "runAfter": {},
          "metadata": {
            "flowSystemMetadata": {
              "portalOperationId": "aibuilderpredict_formsprocessing",
              "portalOperationGroup": "aibuilder",
              "portalOperationApiDisplayNameOverride": "AI Builder",
              "portalOperationIconOverride": "https://content.powerapps.com/resource/makerx/static/pauto/images/designeroperations/aiBuilderNew.51dbdb6b.png",
              "portalOperationBrandColorOverride": "#0A76C4",
              "portalOperationApiTierOverride": "Standard"
            },
            "operationMetadataId": "eecbbb7e-888f-4706-a688-a464597d81c1"
          },
          "type": "OpenApiConnection",
          "inputs": {
            "host": {
              "connectionName": "shared_commondataserviceforapps_1",
              "operationId": "aibuilderpredict_formsprocessing",
              "apiId": "/providers/Microsoft.PowerApps/apis/shared_commondataserviceforapps"
            },
            "parameters": {
              "recordId": "9a0a8990-e285-4c41-8eeb-ef43de4dc637",
              "item/requestv2/mimeType": "application/pdf",
              "item/requestv2/base64Encoded": "@triggerBody()"
            },
            "authentication": "@parameters('$authentication')"
          }
        },
        "Create_SharePoint_list_item": {
          "runAfter": {
            "Extract_information_from_invoice": [
              "Succeeded"
            ]
          },
          "metadata": {
            "operationMetadataId": "40204800-2fed-4568-b075-efa2719bf16e"
          },
          "type": "OpenApiConnection",
          "inputs": {
            "host": {
              "connectionName": "shared_sharepointonline_1",
              "operationId": "PostItem",
              "apiId": "/providers/Microsoft.PowerApps/apis/shared_sharepointonline"
            },
            "parameters": {
              "dataset": "https://kyx.sharepoint.com/sites/upwork",
              "table": "4b88fa46-87b4-4469-80a6-9532580f0d55",
              "item/Title": "@body('Extract_information_from_invoice')?['responsev2']?['predictionOutput']?['labels']?['Invoice_c07c9cb94c35e3b7ad2a2db05978cfea']?['value']",
              "item/TotalAmount": "@body('Extract_information_from_invoice')?['responsev2']?['predictionOutput']?['labels']?['Total_00809d0fb61b4acec40ff234df9712240d']?['value']",
              "item/BillTo": "@body('Extract_information_from_invoice')?['responsev2']?['predictionOutput']?['labels']?['Bill_002c84ff14d77f0727f2da6808f413ff07f']?['value']",
              "item/Attn": "@body('Extract_information_from_invoice')?['responsev2']?['predictionOutput']?['labels']?['Attn']?['value']",
              "item/BillToAddress": "@body('Extract_information_from_invoice')?['responsev2']?['predictionOutput']?['labels']?['Bill_002ea961308abfb31e8ae42e3bbbece1ca5']?['value']",
              "item/Date": "@body('Extract_information_from_invoice')?['responsev2']?['predictionOutput']?['labels']?['Invoice_0f24fcfb35adaf92db94c0adeb94a754']?['value']",
              "item/Memo": "@body('Extract_information_from_invoice')?['responsev2']?['predictionOutput']?['labels']?['Memo']?['value']"
            },
            "authentication": "@parameters('$authentication')"
          }
        },
        "Rename_invoice_file": {
          "runAfter": {
            "InvoiceNewPath": [
              "Succeeded"
            ]
          },
          "metadata": {
            "operationMetadataId": "a52d7503-c2f6-4c7a-8cb7-c6b3f1c0d8be"
          },
          "type": "OpenApiConnection",
          "inputs": {
            "host": {
              "connectionName": "shared_onedriveforbusiness_1",
              "operationId": "MoveFile",
              "apiId": "/providers/Microsoft.PowerApps/apis/shared_onedriveforbusiness"
            },
            "parameters": {
              "id": "@triggerOutputs()?['headers/x-ms-file-id']",
              "destination": "@variables('InvoiceNewPath')",
              "overwrite": false
            },
            "authentication": "@parameters('$authentication')"
          }
        },
        "Invoice_New_File_Name": {
          "runAfter": {
            "Create_SharePoint_list_item": [
              "Succeeded"
            ]
          },
          "metadata": {
            "operationMetadataId": "779dc2fe-b8fd-4041-afef-2d6ea5213195"
          },
          "type": "InitializeVariable",
          "inputs": {
            "variables": [
              {
                "name": "InvoiceNewName",
                "type": "string",
                "value": "@{body('Extract_information_from_invoice')?['responsev2']?['predictionOutput']?['labels']?['Invoice_c07c9cb94c35e3b7ad2a2db05978cfea']?['value']}.pdf"
              }
            ]
          }
        },
        "InvoiceFileName": {
          "runAfter": {
            "Invoice_New_File_Name": [
              "Succeeded"
            ]
          },
          "metadata": {
            "operationMetadataId": "b73ce871-eb0a-4b27-9779-2b5e0851d853"
          },
          "type": "InitializeVariable",
          "inputs": {
            "variables": [
              {
                "name": "InvoiceFileName",
                "type": "string",
                "value": "@base64ToString(triggerOutputs()?['headers/x-ms-file-name-encoded'])"
              }
            ]
          }
        },
        "InvoiceFilePath": {
          "runAfter": {
            "InvoiceFileName": [
              "Succeeded"
            ]
          },
          "metadata": {
            "operationMetadataId": "0513c966-732c-4096-9641-593c6a56f4f1"
          },
          "type": "InitializeVariable",
          "inputs": {
            "variables": [
              {
                "name": "InvoiceFilePath",
                "type": "string",
                "value": "@base64ToString(triggerOutputs()?['headers/x-ms-file-path-encoded'])"
              }
            ]
          }
        },
        "InvoiceNewPath": {
          "runAfter": {
            "InvoiceFilePath": [
              "Succeeded"
            ]
          },
          "metadata": {
            "operationMetadataId": "5092f67c-740d-4ef0-8271-c6adb73f5737"
          },
          "type": "InitializeVariable",
          "inputs": {
            "variables": [
              {
                "name": "InvoiceNewPath",
                "type": "string",
                "value": "@{concat(replace(variables('InvoiceFilePath'),variables('InvoiceFileName'),''), variables('InvoiceNewName'))}"
              }
            ]
          }
        }
      },
      "outputs": {}
    },
    "templateName": ""
  },
  "schemaVersion": "1.0.0.0"
}